<rss xmlns:dc="http://purl.org/dc/elements/0.9/" version="2.0" xml:base="https://esg-sftp-test.it.wsu.edu/abc/video/">
<channel>
<title>esg-sftp-test.it.wsu</title>
<link>https://esg-sftp-test.it.wsu.edu/abc/video/</link>
<description/>
<item>
<title> watch gcbyv gfdg sfsd livesfsdgfd stream</title>
<link> https://esg-sftp-test.it.wsu.edu/abc/video/video-720p-naughty-porn-videos-hd-america-205291305.html </link>
<description><div class="field field-name-field-date field-type-datetime field-label-above;/div></description>
<dc:creator>royal</dc:creator>
<guid isPermaLink="false">13584 at https://esg-sftp-test.it.wsu.edu/abc/video/video-720p-naughty-porn-videos-hd-america-205291305.html </guid>
</item>
<item>
<title> watch gcbyv gfdg sfsd livesfsdgfd stream</title>
<link> https://esg-sftp-test.it.wsu.edu/abc/video/video-america-free-hd-naughty-720p-porn-478915848.html </link>
<description><div class="field field-name-field-date field-type-datetime field-label-above;/div></description>
<dc:creator>royal</dc:creator>
<guid isPermaLink="false">13584 at https://esg-sftp-test.it.wsu.edu/abc/video/video-america-free-hd-naughty-720p-porn-478915848.html </guid>
</item>
<item>
<title> watch gcbyv gfdg sfsd livesfsdgfd stream</title>
<link> https://esg-sftp-test.it.wsu.edu/abc/video/video-america-hd-naughty-porn-vr-official-944953225.html </link>
<description><div class="field field-name-field-date field-type-datetime field-label-above;/div></description>
<dc:creator>royal</dc:creator>
<guid isPermaLink="false">13584 at https://esg-sftp-test.it.wsu.edu/abc/video/video-america-hd-naughty-porn-vr-official-944953225.html </guid>
</item>
<item>
<title> watch gcbyv gfdg sfsd livesfsdgfd stream</title>
<link> https://esg-sftp-test.it.wsu.edu/abc/video/video-america-length-full-free-porn-naughty-602192978.html </link>
<description><div class="field field-name-field-date field-type-datetime field-label-above;/div></description>
<dc:creator>royal</dc:creator>
<guid isPermaLink="false">13584 at https://esg-sftp-test.it.wsu.edu/abc/video/video-america-length-full-free-porn-naughty-602192978.html </guid>
</item>
<item>
<title> watch gcbyv gfdg sfsd livesfsdgfd stream</title>
<link> https://esg-sftp-test.it.wsu.edu/abc/video/video-america-naughty-xxx-videos-porn-xhamster-274120214.html </link>
<description><div class="field field-name-field-date field-type-datetime field-label-above;/div></description>
<dc:creator>royal</dc:creator>
<guid isPermaLink="false">13584 at https://esg-sftp-test.it.wsu.edu/abc/video/video-america-naughty-xxx-videos-porn-xhamster-274120214.html </guid>
</item>
<item>
<title> watch gcbyv gfdg sfsd livesfsdgfd stream</title>
<link> https://esg-sftp-test.it.wsu.edu/abc/video/video-america-porn-free-hd-videos-naughty-714712045.html </link>
<description><div class="field field-name-field-date field-type-datetime field-label-above;/div></description>
<dc:creator>royal</dc:creator>
<guid isPermaLink="false">13584 at https://esg-sftp-test.it.wsu.edu/abc/video/video-america-porn-free-hd-videos-naughty-714712045.html </guid>
</item>
<item>
<title> watch gcbyv gfdg sfsd livesfsdgfd stream</title>
<link> https://esg-sftp-test.it.wsu.edu/abc/video/video-america-porn-videos-naughty-250852969.html </link>
<description><div class="field field-name-field-date field-type-datetime field-label-above;/div></description>
<dc:creator>royal</dc:creator>
<guid isPermaLink="false">13584 at https://esg-sftp-test.it.wsu.edu/abc/video/video-america-porn-videos-naughty-250852969.html </guid>
</item>
<item>
<title> watch gcbyv gfdg sfsd livesfsdgfd stream</title>
<link> https://esg-sftp-test.it.wsu.edu/abc/video/video-america-videos-porn-free-naughty-507076214.html </link>
<description><div class="field field-name-field-date field-type-datetime field-label-above;/div></description>
<dc:creator>royal</dc:creator>
<guid isPermaLink="false">13584 at https://esg-sftp-test.it.wsu.edu/abc/video/video-america-videos-porn-free-naughty-507076214.html </guid>
</item>
<item>
<title> watch gcbyv gfdg sfsd livesfsdgfd stream</title>
<link> https://esg-sftp-test.it.wsu.edu/abc/video/video-bản-xxx-nhật-phim-hd01-sex-801843606.html </link>
<description><div class="field field-name-field-date field-type-datetime field-label-above;/div></description>
<dc:creator>royal</dc:creator>
<guid isPermaLink="false">13584 at https://esg-sftp-test.it.wsu.edu/abc/video/video-bản-xxx-nhật-phim-hd01-sex-801843606.html </guid>
</item>
<item>
<title> watch gcbyv gfdg sfsd livesfsdgfd stream</title>
<link> https://esg-sftp-test.it.wsu.edu/abc/video/video-best-tits-big-on-porn-videos-330989665.html </link>
<description><div class="field field-name-field-date field-type-datetime field-label-above;/div></description>
<dc:creator>royal</dc:creator>
<guid isPermaLink="false">13584 at https://esg-sftp-test.it.wsu.edu/abc/video/video-best-tits-big-on-porn-videos-330989665.html </guid>
</item>
<item>
<title> watch gcbyv gfdg sfsd livesfsdgfd stream</title>
<link> https://esg-sftp-test.it.wsu.edu/abc/video/video-bitch-de-purple-pornos-vidéos-499513636.html </link>
<description><div class="field field-name-field-date field-type-datetime field-label-above;/div></description>
<dc:creator>royal</dc:creator>
<guid isPermaLink="false">13584 at https://esg-sftp-test.it.wsu.edu/abc/video/video-bitch-de-purple-pornos-vidéos-499513636.html </guid>
</item>
<item>
<title> watch gcbyv gfdg sfsd livesfsdgfd stream</title>
<link> https://esg-sftp-test.it.wsu.edu/abc/video/video-bitch-purple-porn-videos-threesome-926124083.html </link>
<description><div class="field field-name-field-date field-type-datetime field-label-above;/div></description>
<dc:creator>royal</dc:creator>
<guid isPermaLink="false">13584 at https://esg-sftp-test.it.wsu.edu/abc/video/video-bitch-purple-porn-videos-threesome-926124083.html </guid>
</item>
<item>
<title> watch gcbyv gfdg sfsd livesfsdgfd stream</title>
<link> https://esg-sftp-test.it.wsu.edu/abc/video/video-bouncing-porn-videos-big-tits-free-882656972.html </link>
<description><div class="field field-name-field-date field-type-datetime field-label-above;/div></description>
<dc:creator>royal</dc:creator>
<guid isPermaLink="false">13584 at https://esg-sftp-test.it.wsu.edu/abc/video/video-bouncing-porn-videos-big-tits-free-882656972.html </guid>
</item>
</channel>
</rss>