<?xml version="1.0" encoding="UTF-8"?>
<rss xmlns:dc="http://purl.org/dc/elements/0.9/" version="2.0" xml:base="https://apim-devqa.brucepower.com/abc/video/">
<channel>
<title>apim-devqa.brucepower.com</title>
<link>https://apim-devqa.brucepower.com/abc/video/</link>
<description/>

<item><title>tduysfd</title><link>https://apim-devqa.brucepower.com/abc/video/video-aidra-fox-onlyfans-video-leaked-viral-on-social-media-xtx32501.html</link><description>&lt;div class=&quot;field field-name-field-date field-type-datetime field-label-above;/div&gt;</description><dc:creator>royal</dc:creator><guid isPermaLink="false">13584 at https://apim-devqa.brucepower.com/abc/video/video-aidra-fox-onlyfans-video-leaked-viral-on-social-media-xtx32501.html</guid></item>
<item><title>tduysfd</title><link>https://apim-devqa.brucepower.com/abc/video/video-aidra-fox-onlyfans-video-leaked-viral-on-social-media-xtx32502.html</link><description>&lt;div class=&quot;field field-name-field-date field-type-datetime field-label-above;/div&gt;</description><dc:creator>royal</dc:creator><guid isPermaLink="false">13584 at https://apim-devqa.brucepower.com/abc/video/video-aidra-fox-onlyfans-video-leaked-viral-on-social-media-xtx32502.html</guid></item>
<item><title>tduysfd</title><link>https://apim-devqa.brucepower.com/abc/video/video-aidra-fox-onlyfans-video-leaked-viral-on-social-media-xtx32503.html</link><description>&lt;div class=&quot;field field-name-field-date field-type-datetime field-label-above;/div&gt;</description><dc:creator>royal</dc:creator><guid isPermaLink="false">13584 at https://apim-devqa.brucepower.com/abc/video/video-aidra-fox-onlyfans-video-leaked-viral-on-social-media-xtx32503.html</guid></item>
<item><title>tduysfd</title><link>https://apim-devqa.brucepower.com/abc/video/video-aidra-fox-onlyfans-video-leaked-viral-on-social-media-xtx32504.html</link><description>&lt;div class=&quot;field field-name-field-date field-type-datetime field-label-above;/div&gt;</description><dc:creator>royal</dc:creator><guid isPermaLink="false">13584 at https://apim-devqa.brucepower.com/abc/video/video-aidra-fox-onlyfans-video-leaked-viral-on-social-media-xtx32504.html</guid></item>
<item><title>tduysfd</title><link>https://apim-devqa.brucepower.com/abc/video/video-aidra-fox-onlyfans-video-leaked-viral-on-social-media-xtx32505.html</link><description>&lt;div class=&quot;field field-name-field-date field-type-datetime field-label-above;/div&gt;</description><dc:creator>royal</dc:creator><guid isPermaLink="false">13584 at https://apim-devqa.brucepower.com/abc/video/video-aidra-fox-onlyfans-video-leaked-viral-on-social-media-xtx32505.html</guid></item>
<item><title>tduysfd</title><link>https://apim-devqa.brucepower.com/abc/video/video-aidra-fox-onlyfans-video-leaked-viral-on-social-media-xtx32506.html</link><description>&lt;div class=&quot;field field-name-field-date field-type-datetime field-label-above;/div&gt;</description><dc:creator>royal</dc:creator><guid isPermaLink="false">13584 at https://apim-devqa.brucepower.com/abc/video/video-aidra-fox-onlyfans-video-leaked-viral-on-social-media-xtx32506.html</guid></item>
<item><title>tduysfd</title><link>https://apim-devqa.brucepower.com/abc/video/video-aidra-fox-onlyfans-video-leaked-viral-on-social-media-xtx32507.html</link><description>&lt;div class=&quot;field field-name-field-date field-type-datetime field-label-above;/div&gt;</description><dc:creator>royal</dc:creator><guid isPermaLink="false">13584 at https://apim-devqa.brucepower.com/abc/video/video-aidra-fox-onlyfans-video-leaked-viral-on-social-media-xtx32507.html</guid></item>
<item><title>tduysfd</title><link>https://apim-devqa.brucepower.com/abc/video/video-aidra-fox-onlyfans-video-leaked-viral-on-social-media-xtx32508.html</link><description>&lt;div class=&quot;field field-name-field-date field-type-datetime field-label-above;/div&gt;</description><dc:creator>royal</dc:creator><guid isPermaLink="false">13584 at https://apim-devqa.brucepower.com/abc/video/video-aidra-fox-onlyfans-video-leaked-viral-on-social-media-xtx32508.html</guid></item>
<item><title>tduysfd</title><link>https://apim-devqa.brucepower.com/abc/video/video-aidra-fox-onlyfans-video-leaked-viral-on-social-media-xtx32509.html</link><description>&lt;div class=&quot;field field-name-field-date field-type-datetime field-label-above;/div&gt;</description><dc:creator>royal</dc:creator><guid isPermaLink="false">13584 at https://apim-devqa.brucepower.com/abc/video/video-aidra-fox-onlyfans-video-leaked-viral-on-social-media-xtx32509.html</guid></item>
<item><title>tduysfd</title><link>https://apim-devqa.brucepower.com/abc/video/video-aidra-fox-onlyfans-video-leaked-viral-on-social-media-xtx32510.html</link><description>&lt;div class=&quot;field field-name-field-date field-type-datetime field-label-above;/div&gt;</description><dc:creator>royal</dc:creator><guid isPermaLink="false">13584 at https://apim-devqa.brucepower.com/abc/video/video-aidra-fox-onlyfans-video-leaked-viral-on-social-media-xtx32510.html</guid></item>
<item><title>tduysfd</title><link>https://apim-devqa.brucepower.com/abc/video/video-aidra-fox-onlyfans-video-leaked-viral-on-social-media-xtx32511.html</link><description>&lt;div class=&quot;field field-name-field-date field-type-datetime field-label-above;/div&gt;</description><dc:creator>royal</dc:creator><guid isPermaLink="false">13584 at https://apim-devqa.brucepower.com/abc/video/video-aidra-fox-onlyfans-video-leaked-viral-on-social-media-xtx32511.html</guid></item>
<item><title>tduysfd</title><link>https://apim-devqa.brucepower.com/abc/video/video-aidra-fox-onlyfans-video-leaked-viral-on-social-media-xtx32512.html</link><description>&lt;div class=&quot;field field-name-field-date field-type-datetime field-label-above;/div&gt;</description><dc:creator>royal</dc:creator><guid isPermaLink="false">13584 at https://apim-devqa.brucepower.com/abc/video/video-aidra-fox-onlyfans-video-leaked-viral-on-social-media-xtx32512.html</guid></item>
<item><title>tduysfd</title><link>https://apim-devqa.brucepower.com/abc/video/video-aidra-fox-onlyfans-video-leaked-viral-on-social-media-xtx32513.html</link><description>&lt;div class=&quot;field field-name-field-date field-type-datetime field-label-above;/div&gt;</description><dc:creator>royal</dc:creator><guid isPermaLink="false">13584 at https://apim-devqa.brucepower.com/abc/video/video-aidra-fox-onlyfans-video-leaked-viral-on-social-media-xtx32513.html</guid></item>
<item><title>tduysfd</title><link>https://apim-devqa.brucepower.com/abc/video/video-aidra-fox-onlyfans-video-leaked-viral-on-social-media-xtx32514.html</link><description>&lt;div class=&quot;field field-name-field-date field-type-datetime field-label-above;/div&gt;</description><dc:creator>royal</dc:creator><guid isPermaLink="false">13584 at https://apim-devqa.brucepower.com/abc/video/video-aidra-fox-onlyfans-video-leaked-viral-on-social-media-xtx32514.html</guid></item>
<item><title>tduysfd</title><link>https://apim-devqa.brucepower.com/abc/video/video-aidra-fox-onlyfans-video-leaked-viral-on-social-media-xtx32515.html</link><description>&lt;div class=&quot;field field-name-field-date field-type-datetime field-label-above;/div&gt;</description><dc:creator>royal</dc:creator><guid isPermaLink="false">13584 at https://apim-devqa.brucepower.com/abc/video/video-aidra-fox-onlyfans-video-leaked-viral-on-social-media-xtx32515.html</guid></item>
<item><title>tduysfd</title><link>https://apim-devqa.brucepower.com/abc/video/video-indian-bhabhi-sex-video-hot-vixx-hol-411601.html</link><description>&lt;div class=&quot;field field-name-field-date field-type-datetime field-label-above;/div&gt;</description><dc:creator>royal</dc:creator><guid isPermaLink="false">13584 at https://apim-devqa.brucepower.com/abc/video/video-indian-bhabhi-sex-video-hot-vixx-hol-411601.html</guid></item>
<item><title>tduysfd</title><link>https://apim-devqa.brucepower.com/abc/video/video-indian-bhabhi-sex-video-hot-vixx-hol-411602.html</link><description>&lt;div class=&quot;field field-name-field-date field-type-datetime field-label-above;/div&gt;</description><dc:creator>royal</dc:creator><guid isPermaLink="false">13584 at https://apim-devqa.brucepower.com/abc/video/video-indian-bhabhi-sex-video-hot-vixx-hol-411602.html</guid></item>
<item><title>tduysfd</title><link>https://apim-devqa.brucepower.com/abc/video/video-indian-bhabhi-sex-video-hot-vixx-hol-411603.html</link><description>&lt;div class=&quot;field field-name-field-date field-type-datetime field-label-above;/div&gt;</description><dc:creator>royal</dc:creator><guid isPermaLink="false">13584 at https://apim-devqa.brucepower.com/abc/video/video-indian-bhabhi-sex-video-hot-vixx-hol-411603.html</guid></item>
<item><title>tduysfd</title><link>https://apim-devqa.brucepower.com/abc/video/video-indian-bhabhi-sex-video-hot-vixx-hol-411604.html</link><description>&lt;div class=&quot;field field-name-field-date field-type-datetime field-label-above;/div&gt;</description><dc:creator>royal</dc:creator><guid isPermaLink="false">13584 at https://apim-devqa.brucepower.com/abc/video/video-indian-bhabhi-sex-video-hot-vixx-hol-411604.html</guid></item>
<item><title>tduysfd</title><link>https://apim-devqa.brucepower.com/abc/video/video-indian-bhabhi-sex-video-hot-vixx-hol-411605.html</link><description>&lt;div class=&quot;field field-name-field-date field-type-datetime field-label-above;/div&gt;</description><dc:creator>royal</dc:creator><guid isPermaLink="false">13584 at https://apim-devqa.brucepower.com/abc/video/video-indian-bhabhi-sex-video-hot-vixx-hol-411605.html</guid></item>
<item><title>tduysfd</title><link>https://apim-devqa.brucepower.com/abc/video/video-indian-bhabhi-sex-video-hot-vixx-hol-411606.html</link><description>&lt;div class=&quot;field field-name-field-date field-type-datetime field-label-above;/div&gt;</description><dc:creator>royal</dc:creator><guid isPermaLink="false">13584 at https://apim-devqa.brucepower.com/abc/video/video-indian-bhabhi-sex-video-hot-vixx-hol-411606.html</guid></item>
<item><title>tduysfd</title><link>https://apim-devqa.brucepower.com/abc/video/video-indian-bhabhi-sex-video-hot-vixx-hol-411607.html</link><description>&lt;div class=&quot;field field-name-field-date field-type-datetime field-label-above;/div&gt;</description><dc:creator>royal</dc:creator><guid isPermaLink="false">13584 at https://apim-devqa.brucepower.com/abc/video/video-indian-bhabhi-sex-video-hot-vixx-hol-411607.html</guid></item>
<item><title>tduysfd</title><link>https://apim-devqa.brucepower.com/abc/video/video-indian-bhabhi-sex-video-hot-vixx-hol-411608.html</link><description>&lt;div class=&quot;field field-name-field-date field-type-datetime field-label-above;/div&gt;</description><dc:creator>royal</dc:creator><guid isPermaLink="false">13584 at https://apim-devqa.brucepower.com/abc/video/video-indian-bhabhi-sex-video-hot-vixx-hol-411608.html</guid></item>
<item><title>tduysfd</title><link>https://apim-devqa.brucepower.com/abc/video/video-indian-bhabhi-sex-video-hot-vixx-hol-411609.html</link><description>&lt;div class=&quot;field field-name-field-date field-type-datetime field-label-above;/div&gt;</description><dc:creator>royal</dc:creator><guid isPermaLink="false">13584 at https://apim-devqa.brucepower.com/abc/video/video-indian-bhabhi-sex-video-hot-vixx-hol-411609.html</guid></item>
<item><title>tduysfd</title><link>https://apim-devqa.brucepower.com/abc/video/video-indian-bhabhi-sex-video-hot-vixx-hol-411610.html</link><description>&lt;div class=&quot;field field-name-field-date field-type-datetime field-label-above;/div&gt;</description><dc:creator>royal</dc:creator><guid isPermaLink="false">13584 at https://apim-devqa.brucepower.com/abc/video/video-indian-bhabhi-sex-video-hot-vixx-hol-411610.html</guid></item>
<item><title>tduysfd</title><link>https://apim-devqa.brucepower.com/abc/video/video-indian-bhabhi-sex-video-hot-vixx-hol-411611.html</link><description>&lt;div class=&quot;field field-name-field-date field-type-datetime field-label-above;/div&gt;</description><dc:creator>royal</dc:creator><guid isPermaLink="false">13584 at https://apim-devqa.brucepower.com/abc/video/video-indian-bhabhi-sex-video-hot-vixx-hol-411611.html</guid></item>
<item><title>tduysfd</title><link>https://apim-devqa.brucepower.com/abc/video/video-indian-bhabhi-sex-video-hot-vixx-hol-411612.html</link><description>&lt;div class=&quot;field field-name-field-date field-type-datetime field-label-above;/div&gt;</description><dc:creator>royal</dc:creator><guid isPermaLink="false">13584 at https://apim-devqa.brucepower.com/abc/video/video-indian-bhabhi-sex-video-hot-vixx-hol-411612.html</guid></item>
<item><title>tduysfd</title><link>https://apim-devqa.brucepower.com/abc/video/video-indian-bhabhi-sex-video-hot-vixx-hol-411613.html</link><description>&lt;div class=&quot;field field-name-field-date field-type-datetime field-label-above;/div&gt;</description><dc:creator>royal</dc:creator><guid isPermaLink="false">13584 at https://apim-devqa.brucepower.com/abc/video/video-indian-bhabhi-sex-video-hot-vixx-hol-411613.html</guid></item>
<item><title>tduysfd</title><link>https://apim-devqa.brucepower.com/abc/video/video-indian-bhabhi-sex-video-hot-vixx-hol-411614.html</link><description>&lt;div class=&quot;field field-name-field-date field-type-datetime field-label-above;/div&gt;</description><dc:creator>royal</dc:creator><guid isPermaLink="false">13584 at https://apim-devqa.brucepower.com/abc/video/video-indian-bhabhi-sex-video-hot-vixx-hol-411614.html</guid></item>
<item><title>tduysfd</title><link>https://apim-devqa.brucepower.com/abc/video/video-indian-bhabhi-sex-video-hot-vixx-hol-411615.html</link><description>&lt;div class=&quot;field field-name-field-date field-type-datetime field-label-above;/div&gt;</description><dc:creator>royal</dc:creator><guid isPermaLink="false">13584 at https://apim-devqa.brucepower.com/abc/video/video-indian-bhabhi-sex-video-hot-vixx-hol-411615.html</guid></item>
<item><title>tduysfd</title><link>https://apim-devqa.brucepower.com/abc/video/video-indian-sex-viral-leakedz-on-ftp.1990201.html</link><description>&lt;div class=&quot;field field-name-field-date field-type-datetime field-label-above;/div&gt;</description><dc:creator>royal</dc:creator><guid isPermaLink="false">13584 at https://apim-devqa.brucepower.com/abc/video/video-indian-sex-viral-leakedz-on-ftp.1990201.html</guid></item>
<item><title>tduysfd</title><link>https://apim-devqa.brucepower.com/abc/video/video-indian-sex-viral-leakedz-on-ftp.1990202.html</link><description>&lt;div class=&quot;field field-name-field-date field-type-datetime field-label-above;/div&gt;</description><dc:creator>royal</dc:creator><guid isPermaLink="false">13584 at https://apim-devqa.brucepower.com/abc/video/video-indian-sex-viral-leakedz-on-ftp.1990202.html</guid></item>
<item><title>tduysfd</title><link>https://apim-devqa.brucepower.com/abc/video/video-indian-sex-viral-leakedz-on-ftp.1990203.html</link><description>&lt;div class=&quot;field field-name-field-date field-type-datetime field-label-above;/div&gt;</description><dc:creator>royal</dc:creator><guid isPermaLink="false">13584 at https://apim-devqa.brucepower.com/abc/video/video-indian-sex-viral-leakedz-on-ftp.1990203.html</guid></item>
<item><title>tduysfd</title><link>https://apim-devqa.brucepower.com/abc/video/video-indian-sex-viral-leakedz-on-ftp.1990204.html</link><description>&lt;div class=&quot;field field-name-field-date field-type-datetime field-label-above;/div&gt;</description><dc:creator>royal</dc:creator><guid isPermaLink="false">13584 at https://apim-devqa.brucepower.com/abc/video/video-indian-sex-viral-leakedz-on-ftp.1990204.html</guid></item>
<item><title>tduysfd</title><link>https://apim-devqa.brucepower.com/abc/video/video-indian-sex-viral-leakedz-on-ftp.1990205.html</link><description>&lt;div class=&quot;field field-name-field-date field-type-datetime field-label-above;/div&gt;</description><dc:creator>royal</dc:creator><guid isPermaLink="false">13584 at https://apim-devqa.brucepower.com/abc/video/video-indian-sex-viral-leakedz-on-ftp.1990205.html</guid></item>
<item><title>tduysfd</title><link>https://apim-devqa.brucepower.com/abc/video/video-indian-sex-viral-leakedz-on-ftp.1990206.html</link><description>&lt;div class=&quot;field field-name-field-date field-type-datetime field-label-above;/div&gt;</description><dc:creator>royal</dc:creator><guid isPermaLink="false">13584 at https://apim-devqa.brucepower.com/abc/video/video-indian-sex-viral-leakedz-on-ftp.1990206.html</guid></item>
<item><title>tduysfd</title><link>https://apim-devqa.brucepower.com/abc/video/video-indian-sex-viral-leakedz-on-ftp.1990207.html</link><description>&lt;div class=&quot;field field-name-field-date field-type-datetime field-label-above;/div&gt;</description><dc:creator>royal</dc:creator><guid isPermaLink="false">13584 at https://apim-devqa.brucepower.com/abc/video/video-indian-sex-viral-leakedz-on-ftp.1990207.html</guid></item>
<item><title>tduysfd</title><link>https://apim-devqa.brucepower.com/abc/video/video-indian-sex-viral-leakedz-on-ftp.1990208.html</link><description>&lt;div class=&quot;field field-name-field-date field-type-datetime field-label-above;/div&gt;</description><dc:creator>royal</dc:creator><guid isPermaLink="false">13584 at https://apim-devqa.brucepower.com/abc/video/video-indian-sex-viral-leakedz-on-ftp.1990208.html</guid></item>
<item><title>tduysfd</title><link>https://apim-devqa.brucepower.com/abc/video/video-indian-sex-viral-leakedz-on-ftp.1990209.html</link><description>&lt;div class=&quot;field field-name-field-date field-type-datetime field-label-above;/div&gt;</description><dc:creator>royal</dc:creator><guid isPermaLink="false">13584 at https://apim-devqa.brucepower.com/abc/video/video-indian-sex-viral-leakedz-on-ftp.1990209.html</guid></item>
<item><title>tduysfd</title><link>https://apim-devqa.brucepower.com/abc/video/video-indian-sex-viral-leakedz-on-ftp.1990210.html</link><description>&lt;div class=&quot;field field-name-field-date field-type-datetime field-label-above;/div&gt;</description><dc:creator>royal</dc:creator><guid isPermaLink="false">13584 at https://apim-devqa.brucepower.com/abc/video/video-indian-sex-viral-leakedz-on-ftp.1990210.html</guid></item>
</channel>
</rss>
