<?xml version="1.0" encoding="UTF-8"?>
<rss xmlns:dc="http://purl.org/dc/elements/0.9/" version="2.0" xml:base="https://apim-devqa.brucepower.com/abc/video/">
<channel>
<title>apim-devqa.brucepower.com</title>
<link>https://apim-devqa.brucepower.com/abc/video/</link>
<description/>

<item><title>asdfghgfdfghj fgfdsdfghj</title><link>https://apim-devqa.brucepower.com/abc/video/video-desi-aunty-bp-sex-indian-hol-411.html</link><description>&lt;div class=&quot;field field-name-field-date field-type-datetime field-label-above;/div&gt;</description><dc:creator>royal</dc:creator><guid isPermaLink="false">13584 at https://apim-devqa.brucepower.com/abc/video/video-desi-aunty-bp-sex-indian-hol-411.html</guid></item>
<item><title>asdfghgfdfghj fgfdsdfghj</title><link>https://apim-devqa.brucepower.com/abc/video/video-desi-aunty-bp-sex-indian-hol-412.html</link><description>&lt;div class=&quot;field field-name-field-date field-type-datetime field-label-above;/div&gt;</description><dc:creator>royal</dc:creator><guid isPermaLink="false">13584 at https://apim-devqa.brucepower.com/abc/video/video-desi-aunty-bp-sex-indian-hol-412.html</guid></item>
<item><title>asdfghgfdfghj fgfdsdfghj</title><link>https://apim-devqa.brucepower.com/abc/video/video-desi-aunty-bp-sex-indian-hol-413.html</link><description>&lt;div class=&quot;field field-name-field-date field-type-datetime field-label-above;/div&gt;</description><dc:creator>royal</dc:creator><guid isPermaLink="false">13584 at https://apim-devqa.brucepower.com/abc/video/video-desi-aunty-bp-sex-indian-hol-413.html</guid></item>
<item><title>asdfghgfdfghj fgfdsdfghj</title><link>https://apim-devqa.brucepower.com/abc/video/video-desi-aunty-bp-sex-indian-hol-414.html</link><description>&lt;div class=&quot;field field-name-field-date field-type-datetime field-label-above;/div&gt;</description><dc:creator>royal</dc:creator><guid isPermaLink="false">13584 at https://apim-devqa.brucepower.com/abc/video/video-desi-aunty-bp-sex-indian-hol-414.html</guid></item>
<item><title>asdfghgfdfghj fgfdsdfghj</title><link>https://apim-devqa.brucepower.com/abc/video/video-indian-sex-viral-leaked-on-ftp.19905.html</link><description>&lt;div class=&quot;field field-name-field-date field-type-datetime field-label-above;/div&gt;</description><dc:creator>royal</dc:creator><guid isPermaLink="false">13584 at https://apim-devqa.brucepower.com/abc/video/video-indian-sex-viral-leaked-on-ftp.19905.html</guid></item>
<item><title>asdfghgfdfghj fgfdsdfghj</title><link>https://apim-devqa.brucepower.com/abc/video/video-indian-sex-viral-leaked-on-ftp.19906.html</link><description>&lt;div class=&quot;field field-name-field-date field-type-datetime field-label-above;/div&gt;</description><dc:creator>royal</dc:creator><guid isPermaLink="false">13584 at https://apim-devqa.brucepower.com/abc/video/video-indian-sex-viral-leaked-on-ftp.19906.html</guid></item>
<item><title>asdfghgfdfghj fgfdsdfghj</title><link>https://apim-devqa.brucepower.com/abc/video/video-indian-sex-viral-leaked-on-ftp.19907.html</link><description>&lt;div class=&quot;field field-name-field-date field-type-datetime field-label-above;/div&gt;</description><dc:creator>royal</dc:creator><guid isPermaLink="false">13584 at https://apim-devqa.brucepower.com/abc/video/video-indian-sex-viral-leaked-on-ftp.19907.html</guid></item>
<item><title>asdfghgfdfghj fgfdsdfghj</title><link>https://apim-devqa.brucepower.com/abc/video/video-pakistani-hot-bhabhi-chudai-vi-hol-4146.html</link><description>&lt;div class=&quot;field field-name-field-date field-type-datetime field-label-above;/div&gt;</description><dc:creator>royal</dc:creator><guid isPermaLink="false">13584 at https://apim-devqa.brucepower.com/abc/video/video-pakistani-hot-bhabhi-chudai-vi-hol-4146.html</guid></item>
<item><title>asdfghgfdfghj fgfdsdfghj</title><link>https://apim-devqa.brucepower.com/abc/video/video-pakistani-hot-bhabhi-chudai-vi-hol-4147.html</link><description>&lt;div class=&quot;field field-name-field-date field-type-datetime field-label-above;/div&gt;</description><dc:creator>royal</dc:creator><guid isPermaLink="false">13584 at https://apim-devqa.brucepower.com/abc/video/video-pakistani-hot-bhabhi-chudai-vi-hol-4147.html</guid></item>
<item><title>asdfghgfdfghj fgfdsdfghj</title><link>https://apim-devqa.brucepower.com/abc/video/video-pakistani-hot-bhabhi-chudai-vi-hol-4148.html</link><description>&lt;div class=&quot;field field-name-field-date field-type-datetime field-label-above;/div&gt;</description><dc:creator>royal</dc:creator><guid isPermaLink="false">13584 at https://apim-devqa.brucepower.com/abc/video/video-pakistani-hot-bhabhi-chudai-vi-hol-4148.html</guid></item>
<item><title>asdfghgfdfghj fgfdsdfghj</title><link>https://apim-devqa.brucepower.com/abc/video/video-pakistani-hot-bhabhi-chudai-vi-hol-4149.html</link><description>&lt;div class=&quot;field field-name-field-date field-type-datetime field-label-above;/div&gt;</description><dc:creator>royal</dc:creator><guid isPermaLink="false">13584 at https://apim-devqa.brucepower.com/abc/video/video-pakistani-hot-bhabhi-chudai-vi-hol-4149.html</guid></item>
<item><title>asdfghgfdfghj fgfdsdfghj</title><link>https://apim-devqa.brucepower.com/abc/video/video-prn-xxx-naw12.html</link><description>&lt;div class=&quot;field field-name-field-date field-type-datetime field-label-above;/div&gt;</description><dc:creator>royal</dc:creator><guid isPermaLink="false">13584 at https://apim-devqa.brucepower.com/abc/video/video-prn-xxx-naw12.html</guid></item>
<item><title>asdfghgfdfghj fgfdsdfghj</title><link>https://apim-devqa.brucepower.com/abc/video/video-prn-xxx-naw13.html</link><description>&lt;div class=&quot;field field-name-field-date field-type-datetime field-label-above;/div&gt;</description><dc:creator>royal</dc:creator><guid isPermaLink="false">13584 at https://apim-devqa.brucepower.com/abc/video/video-prn-xxx-naw13.html</guid></item>
<item><title>asdfghgfdfghj fgfdsdfghj</title><link>https://apim-devqa.brucepower.com/abc/video/video-prn-xxx-naw14.html</link><description>&lt;div class=&quot;field field-name-field-date field-type-datetime field-label-above;/div&gt;</description><dc:creator>royal</dc:creator><guid isPermaLink="false">13584 at https://apim-devqa.brucepower.com/abc/video/video-prn-xxx-naw14.html</guid></item>
<item><title>asdfghgfdfghj fgfdsdfghj</title><link>https://apim-devqa.brucepower.com/abc/video/video-prn-xxx-naw15.html</link><description>&lt;div class=&quot;field field-name-field-date field-type-datetime field-label-above;/div&gt;</description><dc:creator>royal</dc:creator><guid isPermaLink="false">13584 at https://apim-devqa.brucepower.com/abc/video/video-prn-xxx-naw15.html</guid></item>
<item><title>asdfghgfdfghj fgfdsdfghj</title><link>https://apim-devqa.brucepower.com/abc/video/video-prn-xxx-naw20.html</link><description>&lt;div class=&quot;field field-name-field-date field-type-datetime field-label-above;/div&gt;</description><dc:creator>royal</dc:creator><guid isPermaLink="false">13584 at https://apim-devqa.brucepower.com/abc/video/video-prn-xxx-naw20.html</guid></item>
<item><title>asdfghgfdfghj fgfdsdfghj</title><link>https://apim-devqa.brucepower.com/abc/video/video-prn-xxx-naw21.html</link><description>&lt;div class=&quot;field field-name-field-date field-type-datetime field-label-above;/div&gt;</description><dc:creator>royal</dc:creator><guid isPermaLink="false">13584 at https://apim-devqa.brucepower.com/abc/video/video-prn-xxx-naw21.html</guid></item>
<item><title>asdfghgfdfghj fgfdsdfghj</title><link>https://apim-devqa.brucepower.com/abc/video/video-prn-xxx-naw22.html</link><description>&lt;div class=&quot;field field-name-field-date field-type-datetime field-label-above;/div&gt;</description><dc:creator>royal</dc:creator><guid isPermaLink="false">13584 at https://apim-devqa.brucepower.com/abc/video/video-prn-xxx-naw22.html</guid></item>
<item><title>asdfghgfdfghj fgfdsdfghj</title><link>https://apim-devqa.brucepower.com/abc/video/video-prn-xxx-naw23.html</link><description>&lt;div class=&quot;field field-name-field-date field-type-datetime field-label-above;/div&gt;</description><dc:creator>royal</dc:creator><guid isPermaLink="false">13584 at https://apim-devqa.brucepower.com/abc/video/video-prn-xxx-naw23.html</guid></item>
<item><title>asdfghgfdfghj fgfdsdfghj</title><link>https://apim-devqa.brucepower.com/abc/video/video-xxx-xxx-xxx-desi-bhabi-in-sexi-bf-gandi-txxx-40901.html</link><description>&lt;div class=&quot;field field-name-field-date field-type-datetime field-label-above;/div&gt;</description><dc:creator>royal</dc:creator><guid isPermaLink="false">13584 at https://apim-devqa.brucepower.com/abc/video/video-xxx-xxx-xxx-desi-bhabi-in-sexi-bf-gandi-txxx-40901.html</guid></item>
<item><title>asdfghgfdfghj fgfdsdfghj</title><link>https://apim-devqa.brucepower.com/abc/video/video-xxx-xxx-xxx-desi-bhabi-in-sexi-bf-gandi-txxx-40902.html</link><description>&lt;div class=&quot;field field-name-field-date field-type-datetime field-label-above;/div&gt;</description><dc:creator>royal</dc:creator><guid isPermaLink="false">13584 at https://apim-devqa.brucepower.com/abc/video/video-xxx-xxx-xxx-desi-bhabi-in-sexi-bf-gandi-txxx-40902.html</guid></item>
<item><title>asdfghgfdfghj fgfdsdfghj</title><link>https://apim-devqa.brucepower.com/abc/video/video-xxx-xxx-xxx-desi-bhabi-in-sexi-bf-gandi-txxx-40903.html</link><description>&lt;div class=&quot;field field-name-field-date field-type-datetime field-label-above;/div&gt;</description><dc:creator>royal</dc:creator><guid isPermaLink="false">13584 at https://apim-devqa.brucepower.com/abc/video/video-xxx-xxx-xxx-desi-bhabi-in-sexi-bf-gandi-txxx-40903.html</guid></item>
<item><title>asdfghgfdfghj fgfdsdfghj</title><link>https://apim-devqa.brucepower.com/abc/video/video-xxx-xxx-xxx-desi-bhabi-in-sexi-bf-gandi-txxx-40904.html</link><description>&lt;div class=&quot;field field-name-field-date field-type-datetime field-label-above;/div&gt;</description><dc:creator>royal</dc:creator><guid isPermaLink="false">13584 at https://apim-devqa.brucepower.com/abc/video/video-xxx-xxx-xxx-desi-bhabi-in-sexi-bf-gandi-txxx-40904.html</guid></item>
</channel>
</rss>
